Entry,PDB,Position,Resolution,Chains,Sequence,Cross-reference (PDB),Entry name
Q07955,4C0O,106-230,2.56,ABCD,MSGGGVIRGPAGNNDCRIYVGNLPPDIRTKDIEDVFYKYGAIRDIDLKNRRGGPPFAFVEFEDPRDAEDAVYGRDGYDYDGYRLRVEFPRSGRGTGRGGGGGGGGGAPRGRYGPPSRRSENRVVVSGLPPSGSWQDLKDHMREAGDVCYADVYRDGTGVVEFVRKEDMTYAVRKLDNTKFRSHEGETAYIRVKVDGPRSPSYGRSRSRSRSRSRSRSRSNSRSRSYSPRRSRGSPRYSPRHSRSRSRT,1X4A;2M7S;2M8D;2O3D;3BEG;4C0O;,SRSF1_HUMAN
Q01844,2CPE,353-453,,A,MASTDYSTYSQAAAQQGYSAYTAQPTQGYAQTTQAYGQQSYGTYGQPTDVSYTQAQTTATYGQTAYATSYGQPPTGYTTPTAPQAYSQPVQGYGTGAYDTTTATVTTTQASYAAQSAYGTQPAYPAYGQQPAATAPTRPQDGNKPTETSQPQSSTGGYNQPSLGYGQSNYSYPQVPGSYPMQPVTAPPSYPPTSYSSTQPTSYDQSSYSQQNTYGQPSSYGQQSSYGQQSSYGQQPPTSYPPQTGSYSQAPSQYSQQSSSYGQQSSFRQDHPSSMGVYGQESGGFSGPGENRSMSGPDNRGRGRGGFDRGGMSRGGRGGGRGGMGSAGERGGFNKPGGPMDEGPDLDLGPPVDPDEDSDNSAIYVQGLNDSVTLDDLADFFKQCGVVKMNKRTGQPMIHIYLDKETGKPKGDATVSYEDPPTAKAAVEWFDGKDFQGSKLKVSLARKKPPMNSMRGGLPPREGRGMPPPLRGGPGGPGGPGGPMGRMGGRGGDRGGFPPRGPRGSRGNPSGGGNVQHRAGDWQCPNPGCGNQNFAWRTECNQCKAPKPEGFLPPPFPPPGGDRGRGGPGGMRGGRGGLMDRGGPGGMFRGGRGGDRGGFRGGRGMDRGGFGGGRRGGPGGPPGPLMEQMGGRRGGRGGPGKMDKGEHRQERRDRPY,2CPE;,EWS_HUMAN
Q9UL18,4KRE,1-857,1.75,A,MEAGPSGAAAGAYLPPLQQVFQAPRRPGIGTVGKPIKLLANYFEVDIPKIDVYHYEVDIKPDKCPRRVNREVVEYMVQHFKPQIFGDRKPVYDGKKNIYTVTALPIGNERVDFEVTIPGEGKDRIFKVSIKWLAIVSWRMLHEALVSGQIPVPLESVQALDVAMRHLASMRYTPVGRSFFSPPEGYYHPLGGGREVWFGFHQSVRPAMWKMMLNIDVSATAFYKAQPVIEFMCEVLDIRNIDEQPKPLTDSQRVRFTKEIKGLKVEVTHCGQMKRKYRVCNVTRRPASHQTFPLQLESGQTVECTVAQYFKQKYNLQLKYPHLPCLQVGQEQKHTYLPLEVCNIVAGQRCIKKLTDNQTSTMIKATARSAPDRQEEISRLMKNASYNLDPYIQEFGIKVKDDMTEVTGRVLPAPILQYGGRNRAIATPNQGVWDMRGKQFYNGIEIKVWAIACFAPQKQCREEVLKNFTDQLRKISKDAGMPIQGQPCFCKYAQGADSVEPMFRHLKNTYSGLQLIIVILPGKTPVYAEVKRVGDTLLGMATQCVQVKNVVKTSPQTLSNLCLKINVKLGGINNILVPHQRSAVFQQPVIFLGADVTHPPAGDGKKPSITAVVGSMDAHPSRYCATVRVQRPRQEIIEDLSYMVRELLIQFYKSTRFKPTRIIFYRDGVPEGQLPQILHYELLAIRDACIKLEKDYQPGITYIVVQKRHHTRLFCADKNERIGKSGNIPAGTTVDTNITHPFEFDFYLCSHAGIQGTSRPSHYYVLWDDNRFTADELQILTYQLCHTYVRCTRSVSIPAPAYYARLVAFRARYHLVDKEHDSGEGSHISGQSNGRDPQALAKAVQVHQDTLRTMYFA,1SI2;1SI3;4KRE;4KRF;4KXT;5W6V;,AGO1_HUMAN
Q9UKV8,4Z4D,1-859,1.6,A,MYSGAGPALAPPAPPPPIQGYAFKPPPRPDFGTSGRTIKLQANFFEMDIPKIDIYHYELDIKPEKCPRRVNREIVEHMVQHFKTQIFGDRKPVFDGRKNLYTAMPLPIGRDKVELEVTLPGEGKDRIFKVSIKWVSCVSLQALHDALSGRLPSVPFETIQALDVVMRHLPSMRYTPVGRSFFTASEGCSNPLGGGREVWFGFHQSVRPSLWKMMLNIDVSATAFYKAQPVIEFVCEVLDFKSIEEQQKPLTDSQRVKFTKEIKGLKVEITHCGQMKRKYRVCNVTRRPASHQTFPLQQESGQTVECTVAQYFKDRHKLVLRYPHLPCLQVGQEQKHTYLPLEVCNIVAGQRCIKKLTDNQTSTMIRATARSAPDRQEEISKLMRSASFNTDPYVREFGIMVKDEMTDVTGRVLQPPSILYGGRNKAIATPVQGVWDMRNKQFHTGIEIKVWAIACFAPQRQCTEVHLKSFTEQLRKISRDAGMPIQGQPCFCKYAQGADSVEPMFRHLKNTYAGLQLVVVILPGKTPVYAEVKRVGDTVLGMATQCVQMKNVQRTTPQTLSNLCLKINVKLGGVNNILLPQGRPPVFQQPVIFLGADVTHPPAGDGKKPSIAAVVGSMDAHPNRYCATVRVQQHRQEIIQDLAAMVRELLIQFYKSTRFKPTRIIFYRDGVSEGQFQQVLHHELLAIREACIKLEKDYQPGITFIVVQKRHHTRLFCTDKNERVGKSGNIPAGTTVDTKITHPTEFDFYLCSHAGIQGTSRPSHYHVLWDDNRFSSDELQILTYQLCHTYVRCTRSVSIPAPAYYAHLVAFRARYHLVDKEHDSAEGSHTSGQSNGRDHQALAKAVQVHQDTLRTMYFA,3LUC;3LUD;3LUG;3LUH;3LUJ;3LUK;3QX8;3QX9;4F3T;4OLA;4OLB;4W5N;4W5O;4W5Q;4W5R;4W5T;4Z4C;4Z4D;4Z4E;4Z4F;4Z4G;4Z4H;4Z4I;5JS1;5JS2;5KI6;5T7B;5WEA;6CBD;6MDZ;6MFN;6MFR;6N4O;6NIT;6RA4;,AGO2_HUMAN
Q9H9G7,5VM9,1-860,3.28,AC,MEIGSAGPAGAQPLLMVPRRPGYGTMGKPIKLLANCFQVEIPKIDVYLYEVDIKPDKCPRRVNREVVDSMVQHFKVTIFGDRRPVYDGKRSLYTANPLPVATTGVDLDVTLPGEGGKDRPFKVSIKFVSRVSWHLLHEVLTGRTLPEPLELDKPISTNPVHAVDVVLRHLPSMKYTPVGRSFFSAPEGYDHPLGGGREVWFGFHQSVRPAMWKMMLNIDVSATAFYKAQPVIQFMCEVLDIHNIDEQPRPLTDSHRVKFTKEIKGLKVEVTHCGTMRRKYRVCNVTRRPASHQTFPLQLENGQTVERTVAQYFREKYTLQLKYPHLPCLQVGQEQKHTYLPLEVCNIVAGQRCIKKLTDNQTSTMIKATARSAPDRQEEISRLVRSANYETDPFVQEFQFKVRDEMAHVTGRVLPAPMLQYGGRNRTVATPSHGVWDMRGKQFHTGVEIKMWAIACFATQRQCREEILKGFTDQLRKISKDAGMPIQGQPCFCKYAQGADSVEPMFRHLKNTYSGLQLIIVILPGKTPVYAEVKRVGDTLLGMATQCVQVKNVIKTSPQTLSNLCLKINVKLGGINNILVPHQRPSVFQQPVIFLGADVTHPPAGDGKKPSIAAVVGSMDAHPSRYCATVRVQRPRQEIIQDLASMVRELLIQFYKSTRFKPTRIIFYRDGVSEGQFRQVLYYELLAIREACISLEKDYQPGITYIVVQKRHHTRLFCADRTERVGRSGNIPAGTTVDTDITHPYEFDFYLCSHAGIQGTSRPSHYHVLWDDNCFTADELQLLTYQLCHTYVRCTRSVSIPAPAYYAHLVAFRARYHLVDKEHDSAEGSHVSGQSNGRDPQALAKAVQIHQDTLRTMYFA,5VM9;,AGO3_HUMAN
Q9HCK5,6OON,1-861,1.9,A,MEALGPGPPASLFQPPRRPGLGTVGKPIRLLANHFQVQIPKIDVYHYDVDIKPEKRPRRVNREVVDTMVRHFKMQIFGDRQPGYDGKRNMYTAHPLPIGRDRVDMEVTLPGEGKDQTFKVSVQWVSVVSLQLLLEALAGHLNEVPDDSVQALDVITRHLPSMRYTPVGRSFFSPPEGYYHPLGGGREVWFGFHQSVRPAMWNMMLNIDVSATAFYRAQPIIEFMCEVLDIQNINEQTKPLTDSQRVKFTKEIRGLKVEVTHCGQMKRKYRVCNVTRRPASHQTFPLQLENGQAMECTVAQYFKQKYSLQLKYPHLPCLQVGQEQKHTYLPLEVCNIVAGQRCIKKLTDNQTSTMIKATARSAPDRQEEISRLVKSNSMVGGPDPYLKEFGIVVHNEMTELTGRVLPAPMLQYGGRNKTVATPNQGVWDMRGKQFYAGIEIKVWAVACFAPQKQCREDLLKSFTDQLRKISKDAGMPIQGQPCFCKYAQGADSVEPMFKHLKMTYVGLQLIVVILPGKTPVYAEVKRVGDTLLGMATQCVQVKNVVKTSPQTLSNLCLKINAKLGGINNVLVPHQRPSVFQQPVIFLGADVTHPPAGDGKKPSIAAVVGSMDGHPSRYCATVRVQTSRQEISQELLYSQEVIQDLTNMVRELLIQFYKSTRFKPTRIIYYRGGVSEGQMKQVAWPELIAIRKACISLEEDYRPGITYIVVQKRHHTRLFCADKTERVGKSGNVPAGTTVDSTITHPSEFDFYLCSHAGIQGTSRPSHYQVLWDDNCFTADELQLLTYQLCHTYVRCTRSVSIPAPAYYARLVAFRARYHLVDKDHDSAEGSHVSGQSNGRDPQALAKAVQIHHDTQHTMYFA,6OON;,AGO4_HUMAN
Q15717,4ED5,18-186,2,AB,MSNGYEDHMAEDCRGDIGRTNLIVNYLPQNMTQDELRSLFSSIGEVESAKLIRDKVAGHSLGYGFVNYVTAKDAERAINTLNGLRLQSKTIKVSYARPSSEVIKDANLYISGLPRTMTQKDVEDMFSRFGRIINSRVLVDQTTGLSRGVAFIRFDKRSEAEEAITSFNGHKPPGSSEPITVKFAANPNQNKNVALLSQLYHSPARRFGGPVHHQAQRFRFSPMGVDHMSGLSGVNVPGNASSGWCIFIYNLGQDADEGILWQMFGPFGAVTNVKVIRDFNTNKCKGFGFVTMTNYEEAAMAIASLNGYRLGDKILQVSFKTNKSHK,3HI9;4ED5;4EGL;4FXV;5SZW;6G2K;6GC5;6GD1;6GD2;6GD3;,ELAV1_HUMAN
B7ZL34,3J9W,,3.9,AB,MNHDFQALALESRGMGELLPTKKFWEPDDSTKDGQKGIFLGDDEWRETAWGASHHSMSQPIMVQRRSGQGFHGNSEVNAILSPRSESGGLGVSMVEYVLSSSPADKLDSRFRKGNFGTRDAETDGPEKGDQKGKASPFEEDQNRDLKQGDDDDSKINGRGLPNGMDADCKDFNRTPGSRQASPTEVVERLGPNTNPSEGLGPLPNPTANKPLVEEFSNPETQNLDAMEQVGLESLQFDYPGNQVPMDSSGATVGLFDYNSQQQLFQRTNALTVQQLTAAQQQQYALAAAQQPHIAGVFSAGLAPAAFVPNPYIISAAPPGTDPYTAAGLAAAATLAGPAVVPPQYYGVPWGVYPANLFQQQAAAAANNTASQQAASQAQPGQQQVLRAGAGQRPLTPNQGQQGQQAESLAAAAAANPTLAFGQGLATGMPGYQVLAPTAYYDQTGALVVGPGARTGLGAPVRLMAPTPVLISSAAAQAAAAAAAGGTASSLTGSTNGLFRPIGTQPPQQQQQQPSTNLQSNSFYGSSSLTNSSQSSSLFSHGPGQPGSTSLGFGSGNSLGAAIGSALSGFGSSGGLTNGSGRYISAAPGAEAKYRSASSTSSLFSSSSQLFPPSRLRYNRSDIMPSGRSRLLEDFRNNRFPNLQLRDLIGHIVEFSQDQHGSRFIQQKLERATPAERQMVFNEILQAAYQLMTDVFGNYVIQKFFEFGSLDQKLALATRIRGHVLPLALQMYGCRVIQKALESISSDQQSEMVKELDGHVLKCVKDQNGNHVVQKCIECVQPQSLQFIIDAFKGQVFVLSTHPYGCRVIQRILEHCTAEQTLPILEELHQHTEQLVQDQYGNYVIQHVLEHGRPEDKSKIVSEIRGKVLALSQHKFASNVVEKCVTHASRAERALLIDEVCCQNDGPHSALYTMMKDQYANYVVQKMIDMAEPAQRKIIMHKIRPHITTLRKYTYGKHILAKLEKYYLKNSPDLGPIGGPPNGML,,B7ZL34_HUMAN
Q9NZI8,6QEY,194-369,2.2,A,MNKLYIGNLNESVTPADLEKVFAEHKISYSGQFLVKSGYAFVDCPDEHWAMKAIETFSGKVELQGKRLEIEHSVPKKQRSRKIQIRNIPPQLRWEVLDSLLAQYGTVENCEQVNTESETAVVNVTYSNREQTRQAIMKLNGHQLENHALKVSYIPDEQIAQGPENGRRGGFGSRGQPRQGSPVAAGAPAKQQQVDIPLRLLVPTQYVGAIIGKEGATIRNITKQTQSKIDVHRKENAGAAEKAISVHSTPEGCSSACKMILEIMHKEAKDTKTADEVPLKILAHNNFVGRLIGKEGRNLKKVEQDTETKITISSLQDLTLYNPERTITVKGAIENCCRAEQEIMKKVREAYENDVAAMSLQSHLIPGLNLAAVGLFPASSSAVPPPPSSVTGAAPYSSFMQAPEQEMVQVFIPAQAVGAIIGKKGQHIKQLSRFASASIKIAPPETPDSKVRMVIITGPPEAQFKAQGRIYGKLKEENFFGPKEEVKLETHIRVPASAAGRVIGKGGKTVNELQNLTAAEVVVPRDQTPDENDQVIVKIIGHFYASQMAQRKIRDILAQVKQQHQKGQSNQAQARRK,3KRM;6QEY;,IF2B1_HUMAN
P26599,2ADC,324-531,,A,MDGIVPDIAVGTKRGSDELFSTCVTNGPFIMSSNSASAANGNDSKKFKGDSRSAGVPSRVIHIRKLPIDVTEGEVISLGLPFGKVTNLLMLKGKNQAFIEMNTEEAANTMVNYYTSVTPVLRGQPIYIQFSNHKELKTDSSPNQARAQAALQAVNSVQSGNLALAASAAAVDAGMAMAGQSPVLRIIVENLFYPVTLDVLHQIFSKFGTVLKIITFTKNNQFQALLQYADPVSAQHAKLSLDGQNIYNACCTLRIDFSKLTSLNVKYNNDKSRDYTRPDLPSGDSQPSLDQTMAAAFGLSVPNVHGALAPLAIPSAAAAAAAAGRIAIPGLAGAGNSVLLVSNLNPERVTPQSLFILFGVYGDVQRVKILFNKKENALVQMADGNQAQLAMSHLNGHKLHGKPIRITLSKHQNVQLPREGQEDQGLTKDYGNSPLHRFKKPGSKNFQNIFPPSATLHLSNIPPSVSEEDLKVLFSSNGGVVKGFKFFQKDRKMALIQMGSVEEAVQALIDLHNHDLGENHHLRVSFSKSTI,1QM9;1SJQ;1SJR;2AD9;2ADB;2ADC;2EVZ;2N3O;3ZZY;3ZZZ;,PTBP1_HUMAN
O00425,6GQE,192-355,3.15,A,MNKLYIGNLSENAAPSDLESIFKDAKIPVSGPFLVKTGYAFVDCPDESWALKAIEALSGKIELHGKPIEVEHSVPKRQRIRKLQIRNIPPHLQWEVLDSLLVQYGVVESCEQVNTDSETAVVNVTYSSKDQARQALDKLNGFQLENFTLKVAYIPDEMAAQQNPLQQPRGRRGLGQRGSSRQGSPGSVSKQKPCDLPLRLLVPTQFVGAIIGKEGATIRNITKQTQSKIDVHRKENAGAAEKSITILSTPEGTSAACKSILEIMHKEAQDIKFTEEIPLKILAHNNFVGRLIGKEGRNLKKIEQDTDTKITISPLQELTLYNPERTITVKGNVETCAKAEEEIMKKIRESYENDIASMNLQAHLIPGLNLNALGLFPPTSGMPPPTSGPPSAMTPPYPQFEQSETETVHLFIPALSVGAIIGKQGQHIKQLSRFAGASIKIAPAEAPDAKVRMVIITGPPEAQFKAQGRIYGKIKEENFVSPKEEVKLEAHIRVPSFAAGRVIGKGGKTVNELQNLSSAEVVVPRDQTPDENDQVVVKITGHFYACQVAQRKIQEILTQVKQHQQQKALQSGPPQSRRK,2E44;6FQ1;6FQR;6GQE;6GX6;,IF2B3_HUMAN
P35637,5YVG,1-526,4.05,XY,MASNDYTQQATQSYGAYPTQPGQGYSQQSSQPYGQQSYSGYSQSTDTSGYGQSSYSSYGQSQNTGYGTQSTPQGYGSTGGYGSSQSSQSSYGQQSSYPGYGQQPAPSSTSGSYGSSSQSSSYGQPQSGSYSQQPSYGGQQQSYGQQQSYNPPQGYGQQNQYNSSSGGGGGGGGGGNYGQDQSSMSSGGGSGGGYGNQDQSGGGGSGGYGQQDRGGRGRGGSGGGGGGGGGGYNRSSGGYEPRGRGGGRGGRGGMGGSDRGGFNKFGGPRDQGSRHDSEQDNSDNNTIFVQGLGENVTIESVADYFKQIGIIKTNKKTGQPMINLYTDRETGKLKGEATVSFDDPPSAKAAIDWFDGKEFSGNPIKVSFATRRADFNRGGGNGRGGRGRGGPMGRGGYGGGGSGGGGRGGFPSGGGGGGGQQRAGDWKCPNPTCENMNFSWRNECNQCKAPKPDGPGGGPGGSHMGGNYGDDRRGGRGGYDRGGYRGRGGDRGGFRGGRGGGDRGGFGPGKMDSRGEHRQDRRERPY,2LA6;2LCW;4FDD;4FQ3;5W3N;5XRR;5XSG;5YVG;5YVH;5YVI;6BWZ;6BXV;6BZP;6G99;6GBM;6KJ1;6KJ2;6KJ3;6KJ4;,FUS_HUMAN
P31483,2MJN,105-285,,A,MEDEMPKTLYVGNLSRDVTEALILQLFSQIGPCKNCKMIMDTAGNDPYCFVEFHEHRHAAAALAAMNGRKIMGKEVKVNWATTPSSQKKDTSSSTVVSTQRSQDHFHVFVGDLSPEITTEDIKAAFAPFGRISDARVVKDMATGKSKGYGFVSFFNKWDAENAIQQMGGQWLGGRQIRTNWATRKPPAPKSTYESNTKQLSYDEVVNQSSPSNCTVYCGGVTSGLTEQLMRQTFSPFGQIMEIRVFPDKGYSFVRFNSHESAAHAIVSVNGTTIEGHVVKCYWGKETLDMINPVQQQNQIGYPQPYGQWGQWYGNAQQIGQYMPNGWQVPAYGMYGQAWNQQGFNQTQSSAPWMGPNYGVQPPQGQNGSMLPNQPSGYRVAGYETQ,2MJN;3BS9;5ITH;5O2V;5O3J;6ELD;,TIA1_HUMAN
Q9HCE1,6HPQ,,1.43,AB,MPSKFSCRQLREAGQCFESFLVVRGLDMETDRERLRTIYNRDFKISFGTPAPGFSSMLYGMKIANLAYVTKTRVRFFRLDRWADVRFPEKRRMKLGSDISKHHKSLLAKIFYDRAEYLHGKHGVDVEVQGPHEARDGQLLIRLDLNRKEVLTLRLRNGGTQSVTLTHLFPLCRTPQFAFYNEDQELPCPLGPGECYELHVHCKTSFVGYFPATVLWELLGPGESGSEGAGTFYIARFLAAVAHSPLAAQLKPMTPFKRTRITGNPVVTNRIEEGERPDRAKGYDLELSMALGTYYPPPRLRQLLPMLLQGTSIFTAPKEIAEIKAQLETALKWRNYEVKLRLLLHLEELQMEHDIRHYDLESVPMTWDPVDQNPRLLTLEVPGVTESRPSVLRGDHLFALLSSETHQEDPITYKGFVHKVELDRVKLSFSMSLLSRFVDGLTFKVNFTFNRQPLRVQHRALELTGRWLLWPMLFPVAPRDVPLLPSDVKLKLYDRSLESNPEQLQAMRHIVTGTTRPAPYIIFGPPGTGKTVTLVEAIKQVVKHLPKAHILACAPSNSGADLLCQRLRVHLPSSIYRLLAPSRDIRMVPEDIKPCCNWDAKKGEYVFPAKKKLQEYRVLITTLITAGRLVSAQFPIDHFTHIFIDEAGHCMEPESLVAIAGLMEVKETGDPGGQLVLAGDPRQLGPVLRSPLTQKHGLGYSLLERLLTYNSLYKKGPDGYDPQFITKLLRNYRSHPTILDIPNQLYYEGELQACADVVDRERFCRWAGLPRQGFPIIFHGVMGKDEREGNSPSFFNPEEAATVTSYLKLLLAPSSKKGKARLSPRSVGVISPYRKQVEKIRYCITKLDRELRGLDDIKDLKVGSVEEFQGQERSVILISTVRSSQSFVQLDLDFNLGFLKNPKRFNVAVTRAKALLIIVGNPLLLGHDPDWKVFLEFCKENGGYTGCPFPAKLDLQQGQNLLQGLSKLSPSTSGPHSHDYLPQEREGEGGLSLQVEPEWRNEL,,MOV10_HUMAN
Q86X94,6D2L,,2,ABCDEF,MSDSGSYGQSGGEQQSYSTYGNPGSQGYGQASQSYSGYGQTTDSSYGQNYSGYSSYGQSQSGYSQSYGGYENQKQSSYSQQPYNNQGQQQNMESSGSQGGRAPSYDQPDYGQQDSYDQQSGYDQHQGSYDEQSNYDQQHDSYSQNQQSYHSQRENYSHHTQDDRRDVSRYGEDNRGYGGSQGGGRGRGGYDKDGRGPMTGSSGGDRGGFKNFGGHRDYGPRTDADSESDNSDNNTIFVQGLGEGVSTDQVGEFFKQIGIIKTNKKTGKPMINLYTDKDTGKPKGEATVSFDDPPSAKAAIDWFDGKEFHGNIIKVSFATRRPEFMRGGGSGGGRRGRGGYRGRGGFQGRGGDPKSGDWVCPNPSCGNMNFARRNSCNQCNEPRPEDSRPSGGDFRGRGYGGERGYRGRGGRGGDRGGYGGDRSGGGYGGDRSSGGGYSGDRSGGGYGGDRSGGGYGGDRGGGYGGDRGGGYGGDRGGGYGGDRGGYGGDRGGGYGGDRGGYGGDRGGYGGDRGGYGGDRGGYGGDRSRGGYGGDRGGGSGYGGDRSGGYGGDRSGGGYGGDRGGGYGGDRGGYGGKMGGRNDYRNDQRNRPY,2MMY;,RBP56_HUMAN
Q49AS9,4ZO9,,1.99,AB,MDARVVKDMATGKSKGYGFVSFYNKLDAENAIVHMGGQWLGGRQIRTNWATRKPPAPKSTQENNTKQLRFEDVVNQSSPKNCTVYCGGIASGLTDQLMRQTFSPFGQIMEIRVFPEKGYSFVRFSTHESAAHAIVSVNGTTIEGHVVKCYWGKESPDMTKNFQQVDYSQWGQWSQVYGNPQQYGQYMANGWQVPPYGVYGQPWNQQGFGVDQSPSAAWMGGFGAQPPQGQAPPPVIPPPNQAGYGMASYQTQ,,Q49AS9_HUMAN
Q13148,4BS2,102-269,,A,MSEYIRVTEDENDEPIEIPSEDDGTVLLSTVTAQFPGACGLRYRNPVSQCMRGVRLVEGILHAPDAGWGNLVYVVNYPKDNKRKMDETDASSAVKVKRAVQKTSDLIVLGLPWKTTEQDLKEYFSTFGEVLMVQVKKDLKTGHSKGFGFVRFTEYETQVKVMSQRHMIDGRWCDCKLPNSKQSQDEPLRSRKVFVGRCTEDMTEDELREFFSQYGDVMDVFIPKPFRAFAFVTFADDQIAQSLCGEDLIIKGISVHISNAEPKHNSNRQLERSGRFGGNPGGFGNQGGFGNSRGGGAGLGNNQGSNMGGGMNFGAFSINPAMMAAAQAALQSSWGMMGMLASQQNQSGPSGNNQNQGNMQREPNQAFGSGNNSYSGSNSGAAIGWGSASNAGSGSGFNGGFGSSMDSKSSGWGM,1WF0;2CQG;2N2C;2N3X;2N4G;2N4H;2N4P;4BS2;4IUF;4Y00;4Y0F;5MDI;5MRG;5W50;5W52;5W7V;5WHN;5WHP;5WIA;5WIQ;5WKB;5WKD;5X4F;6B1G;6CF4;6CFH;6N37;6N3A;6N3B;6N3C;,TADBP_HUMAN
Q9Y6M1,6ROL,425-588,2.1,ABCD,MMNKLYIGNLSPAVTADDLRQLFGDRKLPLAGQVLLKSGYAFVDYPDQNWAIRAIETLSGKVELHGKIMEVDYSVSKKLRSRKIQIRNIPPHLQWEVLDGLLAQYGTVENVEQVNTDTETAVVNVTYATREEAKIAMEKLSGHQFENYSFKISYIPDEEVSSPSPPQRAQRGDHSSREQGHAPGGTSQARQIDFPLRILVPTQFVGAIIGKEGLTIKNITKQTQSRVDIHRKENSGAAEKPVTIHATPEGTSEACRMILEIMQKEADETKLAEEIPLKILAHNGLVGRLIGKEGRNLKKIEHETGTKITISSLQDLSIYNPERTITVKGTVEACASAEIEIMKKLREAFENDMLAVNQQANLIPGLNLSALGIFSTGLSVLSPPAGPRGAPPAAPYHPFTTHSGYFSSLYPHHQFGPFPHHHSYPEQEIVNLFIPTQAVGAIIGKKGAHIKQLARFAGASIKIAPAEGPDVSERMVIITGPPEAQFKAQGRIFGKLKEENFFNPKEEVKLEAHIRVPSSTAGRVIGKGGKTVNELQNLTSAEVIVPRDQTPDENEEVIVRIIGHFFASQTAQRKIREIVQQVKQQEQKYPQGVASQRSK,2CQH;,IF2B2_HUMAN
Q96PU8,4JVH,7-214,3.501,A,MVGEMETKEKPKPTPDYLMQLMNDKKLMSSLPNFCGIFNHLERLLDEEISRVRKDMYNDTLNGSTEKRSAELPDAVGPIVQLQEKLYVPVKEYPDFNFVGRILGPRGLTAKQLEAETGCKIMVRGKGSMRDKKKEEQNRGKPNWEHLNEDLHVLITVEDAQNRAEIKLKRAVEEVKKLLVPAAEGEDSLKKMQLMELAILNGTYRDANIKSPALAFSLAATAQAAPRIITGPAPVLPPAALRTPTPAGPTIMPLIRQIQTAVMPNGTPHPTAAIVPPGPEAGLIYTPYEYPYTLAPATSILEYPIEPSGVLGAVATKVRRHDMRVHPYQRIVTADRAATGN,4JVH;,QKI_HUMAN
O43251,2CQ3,113-202,,A,MQNEPLTPGYHGFPARDSQGNQEPTTTPDAMVQPFTTIPFPPPPQNGIPTEYGVPHTQDYAGQTGEHNLTLYGSTQAHGEQSSNSPSTQNGSLTTEGGAQTDGQQSQTQSSENSESKSTPKRLHVSNIPFRFRDPDLRQMFGQFGKILDVEIIFNERGSKGFGFVTFENSADADRAREKLHGTVVEGRKIEVNNATARVMTNKKMVTPYANGWKLSPVVGAVYGPELYAASSFQADVSLGNDAAVPLSGRGGINTYIPLISLPLVPGFPYPTAATTAAAFRGAHLRGRGRTVYGAVRAVPPTAIPAYPGVVYQDGFYGADLYGGYAAYRYAQPATATAATAAAAAAAAYSDGYGRVYTADPYHALAPAASYGVGAVASLYRGGYSRFAPY,2CQ3;,RFOX2_HUMAN
Q8NDV7,5W6V,1073-1094,2.83,B,MRELEAKATKDVERNLSRDLVQEEEQLMEEKKKKKDDKKKKEAAQKKATEQKIKVPEQIKPSVSQPQPANSNNGTSTATSTNNNAKRATANNQQPQQQQQQQQPQQQQPQQQPQPQPQQQQPQQQPQALPRYPREVPPRFRHQEHKQLLKRGQHFPVIAANLGSAVKVLNSQSESSALTNQQPQNNGEVQNSKNQSDINHSTSGSHYENSQRGPVSSTSDSSTNCKNAVVSDLSEKEAWPSAPGSDPELASECMDADSASSSESERNITIMASGNTGGEKDGLRNSTGLGSQNKFVVGSSSNNVGHGSSTGPWGFSHGAIISTCQVSVDAPESKSESSNNRMNAWGTVSSSSNGGLNPSTLNSASNHGAWPVLENNGLALKGPVGSGSSGINIQCSTIGQMPNNQSINSKVSGGSTHGTWGSLQETCESEVSGTQKVSFSGQPQNITTEMTGPNNTTNFMTSSLPNSGSVQNNELPSSNTGAWRVSTMNHPQMQAPSGMNGTSLSHLSNGESKSGGSYGTTWGAYGSNYSGDKCSGPNGQANGDTVNATLMQPGVNGPMGTNFQVNTNKGGGVWESGAANSQSTSWGSGNGANSGGSRRGWGTPAQNTGTNLPSVEWNKLPSNQHSNDSANGNGKTFTNGWKSTEEEDQGSATSQTNEQSSVWAKTGGTVESDGSTESTGRLEEKGTGESQSRDRRKIDQHTLLQSIVNRTDLDPRVLSNSGWGQTPIKQNTAWDTETSPRGERKTDNGTEAWGSSATQTFNSGACIDKTSPNGNDTSSVSGWGDPKPALRWGDSKGSNCQGGWEDDSAATGMVKSNQWGNCKEEKAAWNDSQKNKQGWGDGQKSSQGWSVSASDNWGETSRNNHWGEANKKSSSGGSDSDRSVSGWNELGKTSSFTWGNNINPNNSSGWDESSKPTPSQGWGDPPKSNQSLGWGDSSKPVSSPDWNKQQDIVGSWGIPPATGKPPGTGWLGGPIPAPAKEEEPTGWEEPSPESIRRKMEIDDGTSAWGDPSKYNYKNVNMWNKNVPNGNSRSDQQAQVHQLLTPASAISNKEASSGSGWGEPWGEPSTPATTVDNGTSAWGKPIDSGPSWGEPIAAASSTSTWGSSSVGPQALSKSGPKSMQDGWCGDDMPLPGNRPTGWEEEEDVEIGMWNSNSSQELNSSLNWPPYTKKMSSKGLSGKKRRRERGMMKGGNKQEEAWINPFVKQFSNISFSRDSPEENVQSNKMDLSGGMLQDKRMEIDKHSLNIGDYNRTVGKGPGSRPQISKESSMERNPYFDKDGIVADESQNMQFMSSQSMKLPPSNSALPNQALGSIAGLGMQNLNSVRQNGNPSMFGVGNTAAQPRGMQQPPAQPLSSSQPNLRAQVPPPLLSPQVPVSLLKYAPNNGGLNPLFGPQQVAMLNQLSQLNQLSQISQLQRLLAQQQRAQSQRSVPSGNRPQQDQQGRPLSVQQQMMQQSRQLDPNLLVKQQTPPSQQQPLHQPAMKSFLDNVMPHTTPELQKGPSPINAFSNFPIGLNSNLNVNMDMNSIKEPQSRLRKWTTVDSISVNTSLDQNSSKHGAISSGFRLEESPFVPYDFMNSSTSPASPPGSIGDGWPRAKSPNGSSSVNWPPEFRPGEPWKGYPNIDPETDPYVTPGSVINNLSINTVREVDHLRDRNSGSSSSLNTTLPSTSAWSSIRASNYNVPLSSTAQSTSARNSDSKLTWSPGSVTNTSLAHELWKVPLPPKNITAPSRPPPGLTGQKPPLSTWDNSPLRIGGGWGNSDARYTPGSSWGESSSGRITNWLVLKNLTPQIDGSTLRTLCMQHGPLITFHLNLPHGNALVRYSSKEEVVKAQKSLHMCVLGNTTILAEFASEEEISRFFAQSQSLTPSPGWQSLGSSQSRLGSLDCSHSFSSRTDLNHWNGAGLSGTNCGDLHGTSLWGTPHYSTSLWGPPSSSDPRGISSPSPINAFLSVDHLGGGGESM,5W6V;,TNR6A_HUMAN
Q9UPQ9,2PMZ,,3.4,AQ,MREKEQEREEQLMEDKKRKKEDKKKKEATQKVTEQKTKVPEVTKPSLSQPTAASPIGSSPSPPVNGGNNAKRVAVPNGQPPSAARYMPREVPPRFRCQQDHKVLLKRGQPPPPSCMLLGGGAGPPPCTAPGANPNNAQVTGALLQSESGTAPDSTLGGAAASNYANSTWGSGASSNNGTSPNPIHIWDKVIVDGSDMEEWPCIASKDTESSSENTTDNNSASNPGSEKSTLPGSTTSNKGKGSQCQSASSGNECNLGVWKSDPKAKSVQSSNSTTENNNGLGNWRNVSGQDRIGPGSGFSNFNPNSNPSAWPALVQEGTSRKGALETDNSNSSAQVSTVGQTSREQQSKMENAGVNFVVSGREQAQIHNTDGPKNGNTNSLNLSSPNPMENKGMPFGMGLGNTSRSTDAPSQSTGDRKTGSVGSWGAARGPSGTDTVSGQSNSGNNGNNGKEREDSWKGASVQKSTGSKNDSWDNNNRSTGGSWNFGPQDSNDNKWGEGNKMTSGVSQGEWKQPTGSDELKIGEWSGPNQPNSSTGAWDNQKGHPLPENQGNAQAPCWGRSSSSTGSEVGGQSTGSNHKAGSSDSHNSGRRSYRPTHPDCQAVLQTLLSRTDLDPRVLSNTGWGQTQIKQDTVWDIEEVPRPEGKSDKGTEGWESAATQTKNSGGWGDAPSQSNQMKSGWGELSASTEWKDPKNTGGWNDYKNNNSSNWGGGRPDEKTPSSWNENPSKDQGWGGGRQPNQGWSSGKNGWGEEVDQTKNSNWESSASKPVSGWGEGGQNEIGTWGNGGNASLASKGGWEDCKRSPAWNETGRQPNSWNKQHQQQQPPQQPPPPQPEASGSWGGPPPPPPGNVRPSNSSWSSGPQPATPKDEEPSGWEEPSPQSISRKMDIDDGTSAWGDPNSYNYKNVNLWDKNSQGGPAPREPNLPTPMTSKSASVWSKSTPPAPDNGTSAWGEPNESSPGWGEMDDTGASTTGWGNTPANAPNAMKPNSKSMQDGWGESDGPVTGARHPSWEEEEDGGVWNTTGSQGSASSHNSASWGQGGKKQMKCSLKGGNNDSWMNPLAKQFSNMGLLSQTEDNPSSKMDLSVGSLSDKKFDVDKRAMNLGDFNDIMRKDRSGFRPPNSKDMGTTDSGPYFEKLTLPFSNQDGCLGDEAPCSPFSPSPSYKLSPSGSTLPNVSLGAIGTGLNPQNFAARQGGSHGLFGNSTAQSRGLHTPVQPLNSSPSLRAQVPPQFISPQVSASMLKQFPNSGLSPGLFNVGPQLSPQQIAMLSQLPQIPQFQLACQLLLQQQQQQQLLQNQRKISQAVRQQQEQQLARMVSALQQQQQQQQRQPGMKHSPSHPVGPKPHLDNMVPNALNVGLPDLQTKGPIPGYGSGFSSGGMDYGMVGGKEAGTESRFKQWTSMMEGLPSVATQEANMHKNGAIVAPGKTRGGSPYNQFDIIPGDTLGGHTGPAGDSWLPAKSPPTNKIGSKSSNASWPPEFQPGVPWKGIQNIDPESDPYVTPGSVLGGTATSPIVDTDHQLLRDNTTGSNSSLNTSLPSPGAWPYSASDNSFTNVHSTSAKFPDYKSTWSPDPIGHNPTHLSNKMWKNHISSRNTTPLPRPPPGLTNPKPSSPWSSTAPRSVRGWGTQDSRLASASTWSDGGSVRPSYWLVLHNLTPQIDGSTLRTICMQHGPLLTFHLNLTQGTALIRYSTKQEAAKAQTALHMCVLGNTTILAEFATDDEVSRFLAQAQPPTPAATPSAPAAGWQSLETGQNQSDPVGPALNLFGGSTGLGQWSSSAGGSSGADLAGASLWGPPNYSSSLWGVPTVEDPHRMGSPAPLLPGDLLGGGSDSI,,TNR6B_HUMAN
Q9HCJ0,3KTP,1380-1401,1.5,AB,MATGSAQGNFTGHTKKTNGNNGTNGALVQSPSNQSALGAGGANSNGSAARVWGVATGSSSGLAHCSVSGGDGKMDTMIGDGRSQNCWGASNSNAGINLNLNPNANPAAWPVLGHEGTVATGNPSSICSPVSAIGQNMGNQNGNPTGTLGAWGNLLPQESTEPQTSTSQNVSFSAQPQNLNTDGPNNTNPMNSSPNPINAMQTNGLPNWGMAVGMGAIIPPHLQGLPGANGSSVSQVSGGSAEGISNSVWGLSPGNPATGNSNSGFSQGNGDTVNSALSAKQNGSSSAVQKEGSGGNAWDSGPPAGPGILAWGRGSGNNGVGNIHSGAWGHPSRSTSNGVNGEWGKPPNQHSNSDINGKGSTGWESPSVTSQNPTVQPGGEHMNSWAKAASSGTTASEGSSDGSGNHNEGSTGREGTGEGRRRDKGIIDQGHIQLPRNDLDPRVLSNTGWGQTPVKQNTAWEFEESPRSERKNDNGTEAWGCAATQASNSGGKNDGSIMNSTNTSSVSGWVNAPPAAVPANTGWGDSNNKAPSGPGVWGDSISSTAVSTAAAAKSGHAWSGAANQEDKSPTWGEPPKPKSQHWGDGQRSNPAWSAGGGDWADSSSVLGHLGDGKKNGSGWDADSNRSGSGWNDTTRSGNSGWGNSTNTKANPGTNWGETLKPGPQQNWASKPQDNNVSNWGGAASVKQTGTGWIGGPVPVKQKDSSEATGWEEPSPPSIRRKMEIDDGTSAWGDPSNYNNKTVNMWDRNNPVIQSSTTTNTTTTTTTTTSNTTHRVETPPPHQAGTQLNRSPLLGPGRKVSSGWGEMPNVHSKTENSWGEPSSPSTLVDNGTAAWGKPPSSGSGWGDHPAEPPVAFGRAGAPVAASALCKPASKSMQEGWGSGGDEMNLSTSQWEDEEGDVWNNAASQESTSSCSSWGNAPKKGLQKGMKTSGKQDEAWIMSRLIKQLTDMGFPREPAEEALKSNNMNLDQAMSALLEKKVDVDKRGLGVTDHNGMAAKPLGCRPPISKESSVDRPTFLDKDGGLVEEPTPSPFLPSPSLKLPLSHSALPSQALGGIASGLGMQNLNSSRQIPSGNLGMFGNSGAAQARTMQQPPQPPVQPLNSSQPSLRAQVPQFLSPQVQAQLLQFAAKNIGLNPALLTSPINPQHMTMLNQLYQLQLAYQRLQIQQQMLQAQRNVSGSMRQQEQQVARTITNLQQQIQQHQRQLAQALLVKQPPPPPPPPHLSLHPSAGKSAMDSFPSHPQTPGLPDLQTKEQQSSPNTFAPYPLAGLNPNMNVNSMDMTGGLSVKDPSQSQSRLPQWTHPNSMDNLPSAASPLEQNPSKHGAIPGGLSIGPPGKSSIDDSYGRYDLIQNSESPASPPVAVPHSWSRAKSDSDKISNGSSINWPPEFHPGVPWKGLQNIDPENDPDVTPGSVPTGPTINTTIQDVNRYLLKSGGKLSDIKSTWSSGPTSHTQASLSHELWKVPRNSTAPTRPPPGLTNPKPSSTWGASPLGWTSSYSSGSAWSTDTSGRTSSWLVLRNLTPQIDGSTLRTLCLQHGPLITFHLNLTQGNAVVRYSSKEEAAKAQKSLHMCVLGNTTILAEFAGEEEVNRFLAQGQALPPTSSWQSSSASSQPRLSAAGSSHGLVRSDAGHWNAPCLGGKGSSELLWGGVPQYSSSLWGPPSADDSRVIGSPTPLTTLLPGDLLSGESL,2DKL;2X04;3KTP;,TNR6C_HUMAN
Q13285,4QJR,218-461,2.4,AB,MDYSYDEDLDELCPVCGDKVSGYHYGLLTCESCKGFFKRTVQNNKHYTCTESQSCKIDKTQRKRCPFCRFQKCLTVGMRLEAVRADRMRGGRNKFGPMYKRDRALKQQKKAQIRANGFKLETGPPMGVPPPPPPAPDYVLPPSLHGPEPKGLAAGPPAGPLGDFGAPALPMAVPGAHGPLAGYLYPAFPGRAIKSEYPEPYASPPQPGLPYGYPEPFSGGPNVPELILQLLQLEPDEDQVRARILGCLQEPTKSRPDQPAAFGLLCRMADQTFISIVDWARRCMVFKELEVADQMTLLQNCWSELLVFDHIYRQVQHGKEGSILLVTGQEVELTTVATQAGSLLHSLVLRAQELVLQLLALQLDRQEFVCLKFIILFSLDLKFLNNHILVKDAQEKANAALLDYTLCHYPHCGDKFQQLLLCLVEVRALSMQAKEYLYHKHLGNEMPRNNLLIEMLQAKQT,1YOW;1ZDT;4QJR;4QK4;,STF1_HUMAN
Q6PJX3,6N8R,,1.91,A,MKLGKKPMYKPVDPYSRMQSTYNYNMRGGAYPPRYFYPFPVPPLLYQVELSVGGQQFNGKGKTRQAAKHDAAAKALRILQNEPLPERLEVNGRESEEENLNKSEISQVFEIALKRNLPVNFESFPLKQVARESGPPHMKNFVTKVSVGEFVGEGEGKSKKISKKNAAIAVLEELKKLPPLPAVERVKPRIKKKKKK,,Q6PJX3_HUMAN
